{"cameraMode":{"drawMode":0,"name":"Shaded","section":"Shading Mode"},"sceneLighting":true,"audioPlay":false,"sceneViewState":{"showFog":false,"showMaterialUpdate":false,"showSkybox":false,"showFlares":false,"showImageEffects":false,"showParticleSystems":false},"in2DMode":false,"pivot":{"x":112.46649932861328,"y":207.0979461669922,"z":-183.50283813476563},"rotation":{"x":0.1036175787448883,"y":0.010438754223287106,"z":-0.001087463111616671,"w":0.9945625066757202},"size":409.66387939453127,"orthographic":false}